Index,Epoch 1 Loss,Epoch 2 Loss,Epoch 3 Loss,Epoch 4 Loss,Epoch 5 Loss,Epoch 6 Loss,Epoch 7 Loss,Epoch 8 Loss,Epoch 9 Loss,Epoch 10 Loss,Epoch 11 Loss,Epoch 12 Loss,Epoch 13 Loss,Epoch 14 Loss,Epoch 15 Loss,Epoch 16 Loss,Epoch 17 Loss,Epoch 18 Loss,Epoch 19 Loss,Epoch 20 Loss,Epoch 21 Loss,Epoch 22 Loss,Epoch 23 Loss,Epoch 24 Loss,Epoch 25 Loss,Epoch 26 Loss,Epoch 27 Loss,Epoch 28 Loss,Epoch 29 Loss,Epoch 30 Loss,Epoch 31 Loss,Epoch 32 Loss,Epoch 33 Loss,Epoch 34 Loss,Epoch 35 Loss,Epoch 36 Loss,Epoch 37 Loss,Epoch 38 Loss,Epoch 39 Loss,Epoch 40 Loss,Epoch 41 Loss,Epoch 42 Loss,Epoch 43 Loss,Epoch 44 Loss,Epoch 45 Loss,Epoch 46 Loss,Epoch 47 Loss,Epoch 48 Loss,Epoch 49 Loss,Epoch 50 Loss,Epoch 51 Loss,Epoch 52 Loss,Epoch 53 Loss,Epoch 54 Loss,Epoch 55 Loss,Epoch 56 Loss,Epoch 57 Loss,Epoch 58 Loss,Epoch 59 Loss,Epoch 60 Loss,Epoch 61 Loss,Epoch 62 Loss,Epoch 63 Loss,Epoch 64 Loss,Epoch 65 Loss,Epoch 66 Loss,Epoch 67 Loss,Epoch 68 Loss,Epoch 69 Loss,Epoch 70 Loss,Epoch 71 Loss,Epoch 72 Loss,Epoch 73 Loss,Epoch 74 Loss,Epoch 75 Loss,Epoch 76 Loss,Epoch 77 Loss,Epoch 78 Loss,Epoch 79 Loss,Epoch 80 Loss,Epoch 81 Loss,Epoch 82 Loss,Epoch 83 Loss,Epoch 84 Loss,Epoch 85 Loss,Epoch 86 Loss,Epoch 87 Loss,Epoch 88 Loss,Epoch 89 Loss,Epoch 90 Loss,Epoch 91 Loss,Epoch 92 Loss,Epoch 93 Loss,Epoch 94 Loss,Epoch 95 Loss,Epoch 96 Loss,Epoch 97 Loss,Epoch 98 Loss,Epoch 99 Loss,Epoch 100 Loss,Epoch 101 Loss,Epoch 102 Loss,Epoch 103 Loss,Epoch 104 Loss,Epoch 105 Loss,Epoch 106 Loss,Epoch 107 Loss,Epoch 108 Loss,Epoch 109 Loss,Epoch 110 Loss,Epoch 111 Loss,Epoch 112 Loss,Epoch 113 Loss,Epoch 114 Loss,Epoch 115 Loss,Epoch 116 Loss,Epoch 117 Loss,Epoch 118 Loss,Epoch 119 Loss,Epoch 120 Loss,Epoch 121 Loss,Epoch 122 Loss,Epoch 123 Loss,Epoch 124 Loss,Epoch 125 Loss,Epoch 126 Loss,Epoch 127 Loss,Epoch 128 Loss,Epoch 129 Loss,Epoch 130 Loss,Epoch 131 Loss,Epoch 132 Loss,Epoch 133 Loss,Epoch 134 Loss,Epoch 135 Loss,Epoch 136 Loss,Epoch 137 Loss,Epoch 138 Loss,Epoch 139 Loss,Epoch 140 Loss,Epoch 141 Loss,Epoch 142 Loss,Epoch 143 Loss,Epoch 144 Loss,Epoch 145 Loss,Epoch 146 Loss,Epoch 147 Loss,Epoch 148 Loss,Epoch 149 Loss,Epoch 150 Loss,Epoch 151 Loss,Epoch 152 Loss,Epoch 153 Loss,Epoch 154 Loss,Epoch 155 Loss,Epoch 156 Loss,Epoch 157 Loss,Epoch 158 Loss,Epoch 159 Loss,Epoch 160 Loss,Epoch 161 Loss,Epoch 162 Loss,Epoch 163 Loss,Epoch 164 Loss,Epoch 165 Loss,Epoch 166 Loss,Epoch 167 Loss,Epoch 168 Loss,Epoch 169 Loss,Epoch 170 Loss,Epoch 171 Loss,Epoch 172 Loss,Epoch 173 Loss,Epoch 174 Loss,Epoch 175 Loss,Epoch 176 Loss,Epoch 177 Loss,Epoch 178 Loss,Epoch 179 Loss,Epoch 180 Loss,Epoch 181 Loss,Epoch 182 Loss,Epoch 183 Loss,Epoch 184 Loss,Epoch 185 Loss,Epoch 186 Loss,Epoch 187 Loss,Epoch 188 Loss,Epoch 189 Loss,Epoch 190 Loss,Epoch 191 Loss,Epoch 192 Loss,Epoch 193 Loss,Epoch 194 Loss,Epoch 195 Loss,Epoch 196 Loss,Epoch 197 Loss,Epoch 198 Loss,Epoch 199 Loss,Epoch 200 Loss,Final Test Loss
0,0.5077126417309046,0.4856315106153488,0.46519340202212334,0.4403988253325224,0.4104134123772383,0.37310838885605335,0.33544634096324444,0.2999738771468401,0.27404901199042797,0.25044315215200186,0.21660490706562996,0.19546949211508036,0.18456958513706923,0.1774153234437108,0.17172309942543507,0.16703823115676641,0.1629801681265235,0.16018476150929928,0.15849800780415535,0.16288520395755768,0.16338728740811348,0.1597845507785678,0.1532769277691841,0.14723344705998898,0.14452473958954215,0.1431243778206408,0.14272078033536673,0.14210827043280005,0.13965401658788323,0.14072532579302788,0.13746071327477694,0.13346234476193786,0.1329469010233879,0.13244414515793324,0.13255328917875886,0.1326542729511857,0.13580857450142503,0.13338438654318452,0.13021590700373054,0.12890610843896866,0.12806129828095436,0.1264417702332139,0.12205100664868951,0.11890038475394249,0.11831176513805985,0.11706700222566724,0.11507343780249357,0.11598390014842153,0.11526735359802842,0.11255978653207421,0.11317266896367073,0.10984649555757642,0.11080513522028923,0.11326430412009358,0.11255515087395906,0.1098141917027533,0.11106381984427571,0.11379313142970204,0.10785144893452525,0.1036166688427329,0.10050700651481748,0.09924456430599093,0.09921974642202258,0.0982636115513742,0.09657086618244648,0.09308006335049868,0.09469541255384684,0.09299035836011171,0.09439108707010746,0.09874633001163602,0.09757551830261946,0.09543523378670216,0.09335463540628552,0.09380715899169445,0.09152488550171256,0.08971133967861533,0.08880707481876016,0.08769877906888723,0.08818764053285122,0.0857042670249939,0.08582778600975871,0.08451173780485988,0.0859966934658587,0.08403705689124763,0.08454785030335188,0.08211121126078069,0.08181193028576672,0.08124705380760133,0.08164230873808265,0.08370994217693806,0.08566213678568602,0.08560520689934492,0.08111341833136976,0.07867968617938459,0.08077283180318773,0.07870217505842447,0.07720278482884169,0.07597566931508482,0.07840446685440838,0.07503762654960155,0.07608670648187399,0.07394262962043285,0.07481801672838628,0.07262174249626696,0.07295472710393369,0.0740015646442771,0.07474104617722332,0.0749371552374214,0.07608436280861497,0.07513387640938163,0.07125947973690927,0.07039279257878661,0.06999877071939409,0.07023401488550007,0.07005595415830612,0.07035645423457026,0.06919643422588706,0.07070434535853565,0.06661288673058152,0.06641301419585943,0.066433449042961,0.06644694413989782,0.06473679281771183,0.06467692623846233,0.06534040858969092,0.06534004746936262,0.06399869243614376,0.06407511327415705,0.06414642790332437,0.06507562263868749,0.0643273158930242,0.06475100829266012,0.06499716895632446,0.0649437156971544,0.06363783427514136,0.06093682162463665,0.05877134925685823,0.059384373016655445,0.06015040446072817,0.061366014648228884,0.06161717069335282,0.060575862880796194,0.058776259422302246,0.05811928678303957,0.05821148748509586,0.05984420469030738,0.05942218936979771,0.05919074430130422,0.05831917794421315,0.0596420275978744,0.05903145135380328,0.06093604560010135,0.05878046457655728,0.05805450840853155,0.05557808047160506,0.05590334162116051,0.05629683216102421,0.05557231116108596,0.056346438359469175,0.05643103062175214,0.05507048615254462,0.05469568842090666,0.053286348236724734,0.05385781452059746,0.05325594590976834,0.05303663481026888,0.05211552721448243,0.05105102341622114,0.05159380822442472,0.053585917921736836,0.05418482283130288,0.05150180775672197,0.05315586179494858,0.04991621687076986,0.05087753012776375,0.050405075307935476,0.051177783869206905,0.05218582507222891,0.05167543631978333,0.04991695354692638,0.049666323233395815,0.050168466521427035,0.049352002097293735,0.04886762029491365,0.047004784690216184,0.04570125415921211,0.045213242061436176,0.04411984630860388,0.04602540656924248,0.045153853949159384,0.04616399691440165,0.044504242949187756,0.04318481427617371,0.04413506435230374,0.04336578329093754,0.043900222051888704,0.04315220285207033,0.04211819125339389,0.04356663045473397,0.04483602149412036,0.24526953604072332
1,0.3776664398610592,0.3342006839811802,0.3142507616430521,0.29370981082320213,0.2675972981378436,0.2353915460407734,0.205133312381804,0.18405526410788298,0.172340570949018,0.16943708527833223,0.1743106236681342,0.1698780981823802,0.16101721953600645,0.15255859307944775,0.14650434954091907,0.141634251922369,0.13977314624935389,0.13966852612793446,0.13537513744086027,0.13337135687470436,0.12635140167549253,0.12167725386098027,0.11720939679071307,0.11325216526165605,0.1106974883005023,0.10920522268861532,0.1078872587531805,0.10623868834227324,0.10311421984806657,0.10086139105260372,0.09889307804405689,0.09551402041688561,0.09363977983593941,0.09238942340016365,0.09084420464932919,0.08918358525261283,0.08801135467365384,0.08734951447695494,0.08607708942145109,0.08507224824279547,0.08294320525601506,0.08159797545522451,0.08164035226218402,0.08034609537571669,0.0809164117090404,0.07883203006349504,0.08044742653146386,0.07745113782584667,0.07673349790275097,0.07689998671412468,0.07476867269724607,0.07427123608067632,0.0723194892052561,0.0717518744058907,0.07214370369911194,0.07223466923460364,0.07111994922161102,0.07208123174495995,0.0723519551102072,0.0748894945718348,0.07326258905231953,0.07073759124614298,0.06791635253466666,0.06528348638676107,0.06366535532288253,0.06523113325238228,0.0651125512085855,0.06441816338337958,0.06378293503075838,0.06387300277128816,0.0626891772262752,0.06231434037908912,0.06097431923262775,0.059492989210411906,0.05976093770004809,0.05826628487557173,0.05852352222427726,0.058538988465443254,0.05851899506524205,0.056377693777903914,0.05640394915826619,0.05587800941430032,0.05547339911572635,0.05706507829017937,0.05666667013429105,0.05584200448356569,0.05514931119978428,0.055312546668574214,0.05646717455238104,0.05602559191174805,0.059323014225810766,0.06088154064491391,0.05545931519009173,0.05264998530037701,0.051477748434990644,0.05188966845162213,0.05138399451971054,0.052998044062405825,0.05323009775020182,0.052127381321042776,0.05075452895835042,0.049732486717402935,0.04975332040339708,0.0495314453728497,0.05041018407791853,0.05084346351213753,0.0498915109783411,0.04910447937436402,0.04882384021766484,0.047262173146009445,0.048776868265122175,0.04605483403429389,0.045929510379210114,0.04570279992185533,0.04629817605018616,0.046397264348343015,0.047881111735478044,0.04716302873566747,0.0462677082978189,0.044762237928807735,0.04337006062269211,0.044828644720837474,0.04322633519768715,0.04463119781576097,0.045349057763814926,0.044188650557771325,0.04396161646582186,0.0452686189673841,0.04536474961787462,0.048427463276311755,0.048604355892166495,0.04427548265084624,0.04578941594809294,0.043429801939055324,0.041958785615861416,0.0419308717828244,0.040869235061109066,0.03960310574620962,0.04020551894791424,0.04107609251514077,0.042809937382116914,0.040607823291793466,0.04061460983939469,0.042156729847192764,0.04069013590924442,0.04098866670392454,0.04039566614665091,0.04092004778794944,0.04161979304626584,0.042900419095531106,0.04157806606963277,0.04137388942763209,0.03990534204058349,0.03962769918143749,0.0390083173988387,0.0396239897236228,0.039614656707271934,0.0403354890877381,0.041992921847850084,0.041646526427939534,0.040794959757477045,0.040932428324595094,0.04004739923402667,0.039845224702730775,0.038613468408584595,0.038080942118540406,0.03868858458008617,0.038010881398804486,0.03963630902580917,0.03986514580901712,0.039675071951933205,0.04259080579504371,0.0388738620094955,0.03991008864250034,0.04032788483891636,0.038725611637346447,0.03790748177561909,0.03621443081647158,0.03620756242889911,0.03502306528389454,0.03534497146029025,0.03592269227374345,0.03670247225090861,0.03633395198266953,0.03684174478985369,0.03608534042723477,0.03648687107488513,0.03623469825834036,0.03620122966822237,0.03653546888381243,0.036686276202090085,0.037349305232055485,0.03579529735725373,0.0358121293829754,0.03642381320241839,0.03736343025229871,0.03495955525431782,0.03500586445443332,0.036838593310676515,0.035077915410511196,0.24401908367872238
2,0.37934038788080215,0.3317570872604847,0.30769521184265614,0.2813669200986624,0.24987810850143433,0.21836612839251757,0.19379807636141777,0.1767850322648883,0.16485672537237406,0.15660030860453844,0.15244865883141756,0.15377557557076216,0.15471637155860662,0.15058809891343117,0.14393632346764207,0.13825750118121505,0.13446665881201625,0.13181757042184472,0.12863222043961287,0.12617024732753634,0.12362514436244965,0.12079347670078278,0.11745806876569986,0.1135267149657011,0.10847077565267682,0.1055123982951045,0.10283145122230053,0.10092128813266754,0.10092128347605467,0.09904583543539047,0.09791008708998561,0.09690388012677431,0.09591171192005277,0.09247352834790945,0.09063688945025206,0.08920669462531805,0.08758285455405712,0.08634280366823077,0.08645837847143412,0.08605814771726727,0.08666782872751355,0.08475017314776778,0.08495576959103346,0.08446525735780597,0.08813607972115278,0.08787115290760994,0.08619401440955698,0.08792000659741461,0.08257554331794381,0.07933861133642495,0.07778575317934155,0.07796822814270854,0.07983753620646894,0.07961690495721996,0.07839890290051699,0.07635818305425346,0.074882245156914,0.07401257031597197,0.07426225277595222,0.07268212852068245,0.07180922036059201,0.07217039447277784,0.0722899918910116,0.07050896715372801,0.07079211552627385,0.0710571005474776,0.06882005161605775,0.06908632605336607,0.06742067099548876,0.06621572258882225,0.06668842420913279,0.06663007941097021,0.06929808598943055,0.07116898102685809,0.06887475377880037,0.06747238500975072,0.06719530536793172,0.06588934035971761,0.06530556594952941,0.06491948268376291,0.06369496625848114,0.06279199989512563,0.06091615092009306,0.06124590942636132,0.05994560429826379,0.0587866953574121,0.05891136429272592,0.05987889249809086,0.057184797478839755,0.057096817065030336,0.05691318050958216,0.05707120895385742,0.05622631614096463,0.056116563733667135,0.056671890430152416,0.05554096796549857,0.05465014232322574,0.05367007036693394,0.054537062300369143,0.053286632522940636,0.05303145758807659,0.05276378174312413,0.05283007468096912,0.051463715732097626,0.05262750363908708,0.05248471372760832,0.05141433095559478,0.051183306612074375,0.050545461708679795,0.05047463905066252,0.05133765586651862,0.05026417877525091,0.04831473506055772,0.04779784008860588,0.0481675723567605,0.048071919241920114,0.0465338749345392,0.04761985316872597,0.044691963121294975,0.04568634508177638,0.04489766247570515,0.045514888828620315,0.047110071405768394,0.04676058585755527,0.04697265871800482,0.04508487926796079,0.04481280944310129,0.04485892364755273,0.04552517831325531,0.044616677798330784,0.04422207619063556,0.04437924618832767,0.043996603693813086,0.04267454193904996,0.04232205986045301,0.042310265358537436,0.04115476296283305,0.04133027954958379,0.041636387817561626,0.04169387207366526,0.04158721957355738,0.042424531653523445,0.044084914261475205,0.04349131602793932,0.04164060321636498,0.041426291689276695,0.0412195953540504,0.03852905111853033,0.040924492524936795,0.03990744799375534,0.03943218057975173,0.038474835571832955,0.03975120862014592,0.03950503398664296,0.03961449512280524,0.03739870875142515,0.039194628479890525,0.0388723430223763,0.03680743428412825,0.039303672849200666,0.03851386613678187,0.03763025044463575,0.03705191158223897,0.03768756811041385,0.038089925423264503,0.037202255916781723,0.03604282857850194,0.03639041166752577,0.03575079026632011,0.03577270347159356,0.036416093120351434,0.03692437114659697,0.03810583159793168,0.03709348873235285,0.03697666176594794,0.03629280801396817,0.03723239817190915,0.037369005964137614,0.03945654700510204,0.038739818381145597,0.03779904812108725,0.03962656343355775,0.03742692351806909,0.03680064983200282,0.036523070302791893,0.03686343540903181,0.03496407507918775,0.034620347898453474,0.03439833363518119,0.03479548962786794,0.0344602654222399,0.03529026883188635,0.03459079586900771,0.035182518884539604,0.03668308223132044,0.035257255542092025,0.03645974944811314,0.03582361480221152,0.0348838425707072,0.035012713400647044,0.2441909108310938
3,0.49925832264125347,0.4706111904233694,0.43836628645658493,0.4047253541648388,0.3677641525864601,0.3301884960383177,0.29542221687734127,0.2731976928189397,0.2594567062333226,0.23114612605422735,0.202778497710824,0.19149179477244616,0.18391161691397429,0.17814590968191624,0.17342036869376898,0.16887839324772358,0.17289188224822283,0.16879538726061583,0.16598656866699457,0.1566270561888814,0.15280563477426767,0.15083371382206678,0.14848704310134053,0.14619601517915726,0.14445745758712292,0.14592167595401406,0.14466840028762817,0.14241670817136765,0.13989270757883787,0.13752927677705884,0.13644155068323016,0.1352466270327568,0.13422652008011937,0.13156044343486428,0.13097380520775914,0.12946806568652391,0.1281655584461987,0.12786569073796272,0.12874775612726808,0.12555747851729393,0.12098141387104988,0.12016879813745618,0.118820087518543,0.11747492151334882,0.11665752762928605,0.11628989595919847,0.1147847343236208,0.11526724975556135,0.11449012905359268,0.11604573717340827,0.11522231064736843,0.11199305718764663,0.10610879678279161,0.10438347794115543,0.10449411626905203,0.10382331209257245,0.10176103236153722,0.10158376907929778,0.1021912437863648,0.10250735422596335,0.09830131521448493,0.09769008122384548,0.09707897901535034,0.09724087687209249,0.09587568184360862,0.09709819918498397,0.09470523241907358,0.09313616994768381,0.0921517782844603,0.09199127089232206,0.09166096337139606,0.09157063439488411,0.09185266867280006,0.09267706098034978,0.09205587720498443,0.09614343987777829,0.09678367991000414,0.10024522570893168,0.09655188908800483,0.09000183315947652,0.08695912640541792,0.08741551218554378,0.08869539201259613,0.08544747065752745,0.08374329982325435,0.081991798710078,0.08210690645501018,0.08407843951135874,0.08537647360935807,0.08739336719736457,0.08734622038900852,0.08976092771627009,0.0857980907894671,0.07978919520974159,0.07805178337730467,0.07748679118230939,0.07919418648816645,0.0798044006805867,0.0817088489420712,0.08138778572902083,0.08080371958203614,0.07762478990480304,0.07391912001185119,0.0742808177601546,0.07470557163469493,0.07490651356056333,0.07290034811012447,0.07276128069497645,0.07280342723242939,0.0725820402149111,0.07322246907278895,0.07229405757971108,0.07277921889908612,0.06965575995855033,0.06959588034078479,0.069601473165676,0.06870848732069135,0.06912667653523386,0.06797327380627394,0.06681341351941228,0.06720878998748958,0.06712565012276173,0.06584981945343316,0.06651991535909474,0.06510301283560693,0.06607615482062101,0.06568947387859225,0.06496876012533903,0.0645031975582242,0.06453218474052846,0.06396569847129285,0.06520340638235211,0.0639408363495022,0.06472680438309908,0.06488867104053497,0.06427499977871776,0.06249365513212979,0.06277553434483707,0.06217950885184109,0.061471442924812436,0.06144907581619918,0.060692936880514026,0.061100846622139215,0.0600121624302119,0.06249241856858134,0.06208008574321866,0.0632701504509896,0.060468467185273767,0.059796265326440334,0.060916903195902705,0.06224213098175824,0.05943356524221599,0.06032957695424557,0.060238377656787634,0.06106404308229685,0.059849548153579235,0.059731988701969385,0.058589906664565206,0.05781827913597226,0.05545712052844465,0.05611919844523072,0.05621085804887116,0.056925613433122635,0.055737472139298916,0.05509968870319426,0.054400931810960174,0.051927413791418076,0.053745522163808346,0.052188018104061484,0.05182826006785035,0.05332481721416116,0.05193492164835334,0.05172423948533833,0.05223872256465256,0.05270051653496921,0.05033967923372984,0.05330850277096033,0.05107849254272878,0.05155679467134178,0.050409550312906504,0.05338798346929252,0.04964756080880761,0.050349835539236665,0.049534320598468184,0.05053338850848377,0.05058748531155288,0.049155213637277484,0.04863059427589178,0.04956692713312805,0.047775137703865767,0.04685182264074683,0.048991000512614846,0.046498822746798396,0.046093232929706573,0.04815835878252983,0.04993363656103611,0.049127551494166255,0.047659136122092605,0.04644244140945375,0.047993311658501625,0.24591327272355556
4,0.39657948166131973,0.3832829166203737,0.3728580716997385,0.3645249418914318,0.35801037959754467,0.3527922313660383,0.3484269194304943,0.3446181286126375,0.3411690518260002,0.33795876801013947,0.3348989821970463,0.3319346699863672,0.32902257330715656,0.3261279370635748,0.3232267089188099,0.3202915322035551,0.3172973319888115,0.3142177816480398,0.31103324703872204,0.3077132683247328,0.3042112961411476,0.3005079459398985,0.2966898176819086,0.2926894724369049,0.28850002586841583,0.2841131705790758,0.2795257233083248,0.2747426424175501,0.26978044398128986,0.2646619575098157,0.2594123287126422,0.25407225266098976,0.24869779590517282,0.24334646482020617,0.23808336816728115,0.2329623755067587,0.22804140951484442,0.22335345298051834,0.2189208883792162,0.2147505385801196,0.21084542572498322,0.20719360560178757,0.20377959590405226,0.20058750081807375,0.1976024741306901,0.19480701722204685,0.19218278676271439,0.1897101467475295,0.18737358506768942,0.18516457546502352,0.1830709595233202,0.18108161445707083,0.1791855674237013,0.17737720161676407,0.17564944550395012,0.17400238756090403,0.17242937069386244,0.1709262728691101,0.1694847047328949,0.16809735260903835,0.166762906126678,0.16547407861799002,0.164228193461895,0.16302151791751385,0.16185445990413427,0.1607245309278369,0.1596289910376072,0.15856531728059053,0.15752779878675938,0.15651592519134283,0.15552096255123615,0.15454903710633516,0.15360667649656534,0.15269687306135893,0.1518098097294569,0.15094442013651133,0.1500986386090517,0.14927155431360006,0.14846358448266983,0.14767597522586584,0.14691204484552145,0.1461750529706478,0.14544788654893637,0.1448324858210981,0.14433847786858678,0.14408767176792026,0.143992283847183,0.1434996840544045,0.1426479620859027,0.14173058047890663,0.14095393056049943,0.14022077107802033,0.13958820141851902,0.13896774407476187,0.1383714838884771,0.13781889621168375,0.1372027015313506,0.13664433592930436,0.13599967118352652,0.13545549754053354,0.13487372547388077,0.13437135517597198,0.13383516669273376,0.13335411390289664,0.1328449104912579,0.13238357426598668,0.13189437938854098,0.1314702620729804,0.13097593281418085,0.13054911838844419,0.13000498618930578,0.12951380899176002,0.12893849471583962,0.1284469892270863,0.12789699994027615,0.1274530435912311,0.12692565005272627,0.12650724174454808,0.12602209253236651,0.1256016343832016,0.12513382732868195,0.12469158647581935,0.12422703066840768,0.12378714140504599,0.12334640184417367,0.12290982808917761,0.12249863054603338,0.12206241162493825,0.12161188153550029,0.12115401495248079,0.12074668845161796,0.1202939935028553,0.1199353551492095,0.11947757378220558,0.119146678596735,0.11865790747106075,0.11832798412069678,0.11780694639310241,0.1174821387976408,0.11694158334285021,0.11662698583677411,0.11609060317277908,0.11579858977347612,0.11522954888641834,0.1149445055052638,0.11435486562550068,0.11407425021752715,0.1135106822475791,0.11325029795989394,0.11272737290710211,0.11246143095195293,0.11194695811718702,0.11163959186524153,0.11115577630698681,0.11081243678927422,0.11033577704802155,0.10994681809097528,0.10946354269981384,0.10907100792974234,0.10863900510594249,0.10826602764427662,0.10785889020189643,0.10748035414144397,0.10709977336227894,0.10671282280236483,0.10638189408928156,0.1060399692505598,0.10575549304485321,0.10542850289493799,0.1050956822000444,0.10471837781369686,0.10421309201046824,0.10382534330710769,0.10332824243232608,0.102976537309587,0.1025053234770894,0.1021780981682241,0.10176641447469592,0.10145678604021668,0.10103183891624212,0.10072354087606072,0.10030896589159966,0.09998633898794651,0.09957905951887369,0.0992490784265101,0.09887691214680672,0.09856473421677947,0.09820067696273327,0.09788152715191245,0.09753494244068861,0.09722666768357158,0.096871726680547,0.09653925849124789,0.09616467962041497,0.09586544753983617,0.09547032602131367,0.09520555008202791,0.09486534958705306,0.09467329131439328,0.09423552080988884,0.24500915594398975
5,0.424724567681551,0.3910689204931259,0.3692278042435646,0.35591105557978153,0.34754427894949913,0.34122733026742935,0.3357034232467413,0.33046161383390427,0.3252928629517555,0.32009689323604107,0.3148225285112858,0.30942636728286743,0.303882235661149,0.29817513935267925,0.2923095840960741,0.2862970046699047,0.28016651421785355,0.27395401149988174,0.26771472953259945,0.2615132490172982,0.2554163970053196,0.24947895295917988,0.24375637527555227,0.2382837226614356,0.2330884886905551,0.22818912845104933,0.22359176259487867,0.2192841526120901,0.2152481647208333,0.2114705666899681,0.207938096486032,0.20462418906390667,0.20151560753583908,0.1985868075862527,0.1958287125453353,0.19322865642607212,0.19077598582953215,0.18845305498689413,0.18625451996922493,0.18416605703532696,0.18218021746724844,0.18028878513723612,0.17848025355488062,0.17675048019737005,0.1750938007608056,0.17350551579147577,0.1719810189679265,0.17051578033715487,0.16910440474748611,0.16774392407387495,0.16643398348242044,0.16517096851021051,0.16395499277859926,0.16278244368731976,0.16165459528565407,0.160563375800848,0.15950810723006725,0.15849680453538895,0.15756744518876076,0.15676520112901926,0.15610778983682394,0.15568786952644587,0.15521547850221395,0.154709966853261,0.15409593377262354,0.15316453110426664,0.15216889046132565,0.15116465371102095,0.1502636829391122,0.14949181769043207,0.14873890206217766,0.1480988347902894,0.14740282110869884,0.1468045487999916,0.14610299095511436,0.14550378965213895,0.14479662431403995,0.14422705443575978,0.14354559546336532,0.14299994660541415,0.14236316783353686,0.1418664250522852,0.14125816337764263,0.14079835638403893,0.1401903536170721,0.13972425926476717,0.13909596437588334,0.13866275548934937,0.13811016036197543,0.13774831127375364,0.1372082349844277,0.13677176693454385,0.13622171338647604,0.13576062070205808,0.13527323957532644,0.13478408427909017,0.1343619218096137,0.13385411677882075,0.13342425785958767,0.13290246995165944,0.13242615899071097,0.1319109476171434,0.13143614074215293,0.13095395267009735,0.13049007626250386,0.1300181895494461,0.12954402389004827,0.12909806240350008,0.12865336146205664,0.12825144035741687,0.12780452938750386,0.1273936638608575,0.12695512222126126,0.12654461432248354,0.1261144164018333,0.12570117693394423,0.12528699077665806,0.12488249456509948,0.12451634649187326,0.12416322808712721,0.12384894490242004,0.12349475035443902,0.12312299199402332,0.12278556870296597,0.12243754649534822,0.12204064382240176,0.12175747007131577,0.12133511388674378,0.12111067725345492,0.1207340001128614,0.12056464562192559,0.12018782319501042,0.11973001575097442,0.11976245045661926,0.11990358540788293,0.11958846775814891,0.12069476954638958,0.11969415005296469,0.11950574023649096,0.11927543906494975,0.11855968507006764,0.11835036939010024,0.1169442874379456,0.11648225225508213,0.115877874661237,0.11565006477758288,0.11476882081478834,0.11452032485976815,0.11408306984230876,0.11388330068439245,0.11312042735517025,0.11294253170490265,0.11259334068745375,0.11245421366766095,0.11182342655956745,0.11161423055455089,0.11119434656575322,0.11097963666543365,0.11053439928218722,0.11032402887940407,0.10995631152763963,0.10974227823317051,0.10935976542532444,0.10913272527977824,0.10864239977672696,0.10850755870342255,0.10810281615704298,0.10803845012560487,0.10746770771220326,0.1073353928513825,0.10703432513400912,0.10688205529004335,0.1069106562063098,0.10635980498045683,0.1063886140473187,0.10614362452179193,0.10625589126721025,0.1060211113654077,0.10547392349690199,0.10551507025957108,0.10498800501227379,0.10528186615556479,0.10449228063225746,0.10431502712890506,0.10373478010296822,0.10376310115680099,0.10329042375087738,0.1027897777967155,0.10231682378798723,0.10219987574964762,0.10172695573419333,0.10139572154730558,0.1010085023008287,0.10074841929599643,0.10041400045156479,0.10012024827301502,0.09979844186455011,0.09963303338736296,0.09921465255320072,0.09884068416431546,0.2430071271955967
6,0.5062022414058447,0.5016339514404535,0.4971056580543518,0.49257287196815014,0.48817955516278744,0.4839459918439388,0.47973760962486267,0.47556603513658047,0.47152727097272873,0.46756863966584206,0.46365627087652683,0.45949988439679146,0.4553538616746664,0.45123475417494774,0.4472865704447031,0.44338029250502586,0.43940355628728867,0.4353919606655836,0.431477926671505,0.4275200329720974,0.42350091971457005,0.419490285217762,0.41557227447628975,0.4114358350634575,0.40734560042619705,0.40336329489946365,0.3993848282843828,0.39555513858795166,0.39179323613643646,0.38800584711134434,0.3842536099255085,0.38048043102025986,0.376823827624321,0.3730327636003494,0.3693538215011358,0.36563098803162575,0.3620041999965906,0.35843969881534576,0.35477858781814575,0.3512153960764408,0.34749831818044186,0.3437592666596174,0.34024024941027164,0.33662381395697594,0.3331760913133621,0.32958158291876316,0.32584702782332897,0.3220498263835907,0.3184025418013334,0.31471032835543156,0.3110663406550884,0.30741492472589016,0.30374706722795963,0.3001380544155836,0.29656842164695263,0.2929648933932185,0.2895121378824115,0.28595117665827274,0.28248056303709745,0.2790579367429018,0.2756404532119632,0.27222007140517235,0.26869894564151764,0.26524551771581173,0.2616091053932905,0.25813569128513336,0.2545314924791455,0.25109300296753645,0.24750425573438406,0.24406495317816734,0.24066429864615202,0.23729858454316854,0.23413442447781563,0.23096409440040588,0.2276755478233099,0.22457885090261698,0.22155491914600134,0.21857579052448273,0.2157321274280548,0.21291815396398306,0.2101367861032486,0.20768337789922953,0.20511422120034695,0.20266548730432987,0.20025990530848503,0.19815977104008198,0.19591142609715462,0.19352296832948923,0.19156590569764376,0.18945930339396,0.1876339102163911,0.18587585538625717,0.18422620464116335,0.1823890469968319,0.18082123063504696,0.17929437197744846,0.1778832282871008,0.17637212947010994,0.17513803951442242,0.17379000410437584,0.17277124896645546,0.17155959270894527,0.17065178137272596,0.169394263997674,0.16837205830961466,0.16762465797364712,0.16671803314238787,0.16565711982548237,0.16490547638386488,0.16405007522553205,0.16339734941720963,0.16263103298842907,0.16196147724986076,0.16137968935072422,0.16072245687246323,0.16027744114398956,0.1599129270762205,0.1593293771147728,0.1588681247085333,0.15810496173799038,0.15781351551413536,0.15720186941325665,0.15672551654279232,0.1562050748616457,0.1553421812132001,0.15450005419552326,0.15384115371853113,0.15338615607470274,0.15300237108021975,0.15271842014044523,0.15239947009831667,0.1523576844483614,0.1523242136463523,0.15203528199344873,0.15152759477496147,0.15096872951835394,0.15011225827038288,0.14962988626211882,0.14892248017713428,0.14839554531499743,0.14778084214776754,0.1472603464499116,0.1467177071608603,0.14628404192626476,0.14571087341755629,0.14533264888450503,0.14464761968702078,0.14410316245630383,0.14378816867247224,0.14334527403116226,0.1429832298308611,0.14268113672733307,0.142353770788759,0.142000503372401,0.14152252580970526,0.1411931375041604,0.140868810005486,0.14070840179920197,0.14049073355272412,0.14009533636271954,0.13983331946656108,0.13965881615877151,0.13945937296375632,0.13917014515027404,0.13886620197445154,0.13862453633919358,0.13830906944349408,0.1380602647550404,0.13772158650681376,0.1373340617865324,0.13710463931784034,0.1366891018114984,0.13630614336580038,0.1360593712888658,0.13574407109990716,0.13552194647490978,0.13534248992800713,0.13503327034413815,0.13490615785121918,0.13473321124911308,0.13439499121159315,0.13415617495775223,0.13388648442924023,0.13355401996523142,0.13315387070178986,0.1328767011873424,0.13271316746249795,0.1323972181417048,0.13193918764591217,0.13169389171525836,0.13140284968540072,0.13113847933709621,0.13095927564427257,0.13057334441691637,0.13036709744483232,0.13027657382190228,0.1299102301709354,0.12971358420327306,0.12962169665843248,0.1292731910943985,0.24844101257622242
7,0.41304944455623627,0.3691407460719347,0.3533006999641657,0.34444152377545834,0.3376787081360817,0.33141425624489784,0.3259080573916435,0.3200109228491783,0.3144954461604357,0.30834208987653255,0.30245560966432095,0.2960510980337858,0.28941656462848186,0.2825002931058407,0.27493987046182156,0.26764139998704195,0.2601170549169183,0.25283409655094147,0.24547852482646704,0.23852434661239386,0.23251107428222895,0.22616572491824627,0.22084053326398134,0.21607978083193302,0.21160141099244356,0.20732543524354696,0.2038314687088132,0.20067891385406256,0.19720677006989717,0.1948135457932949,0.1920736711472273,0.18964867386966944,0.18753818981349468,0.1856439458206296,0.18385395035147667,0.18209510296583176,0.18037023395299911,0.1787711875513196,0.17744681145995855,0.17623686883598566,0.17484737001359463,0.17363150138407946,0.17266246303915977,0.1715742340311408,0.1708594812080264,0.16952511481940746,0.16889127902686596,0.16793904919177294,0.1671356000006199,0.1664124708622694,0.16553553100675344,0.16484053432941437,0.16401153150945902,0.16323816403746605,0.1627855785191059,0.1620112443342805,0.1614184295758605,0.16052512358874083,0.16010568663477898,0.15932368766516447,0.15852768253535032,0.15780259389430285,0.15738238207995892,0.15684775914996862,0.1560663878917694,0.15553553588688374,0.15514306351542473,0.1544718984514475,0.15424568206071854,0.15366215910762548,0.15307725314050913,0.15268561895936728,0.1522204177454114,0.15201344154775143,0.15137845277786255,0.15071823447942734,0.15020887181162834,0.14972032979130745,0.14932711236178875,0.1488386271521449,0.14850172400474548,0.14806320052593946,0.14744760002940893,0.14720499329268932,0.1469803610816598,0.1465620370581746,0.14600138925015926,0.145574402064085,0.1452842764556408,0.14503023400902748,0.14434972032904625,0.1441517798230052,0.14371483400464058,0.14345585834234953,0.14310483960434794,0.14258439559489489,0.14239032845944166,0.14166847756132483,0.14150361809879541,0.14123373059555888,0.1408806717954576,0.14052873477339745,0.1401550155133009,0.13974741101264954,0.13940408965572715,0.13901569042354822,0.1386299435980618,0.13831398077309132,0.13796878512948751,0.13773419614881277,0.1371764810755849,0.13698357995599508,0.1368116564117372,0.13651458825916052,0.1361002423800528,0.13597673596814275,0.1357358628883958,0.13545486656948924,0.13503507571294904,0.1346392291598022,0.1343566165305674,0.13395726215094328,0.13371469220146537,0.13340945122763515,0.13305085757747293,0.13289678236469626,0.13291269540786743,0.13263677153736353,0.1324614961631596,0.13202416244894266,0.1318294843658805,0.13133572647348046,0.13090187823399901,0.1304968660697341,0.13023529015481472,0.12997341016307473,0.12965738866478205,0.12944905646145344,0.12927915062755346,0.12902739783748984,0.12860640976577997,0.12862042104825377,0.12824416812509298,0.12811356456950307,0.1277031321078539,0.12750842235982418,0.12723542330786586,0.12703945860266685,0.12707857554778457,0.1265481081791222,0.12620726274326444,0.1259345030412078,0.1256434377282858,0.12543542310595512,0.12521035876125097,0.12496605515480042,0.12478516809642315,0.12470962945371866,0.1245094919577241,0.12413609959185123,0.12381818611174822,0.12391451187431812,0.1237577460706234,0.12313739210367203,0.1229877476580441,0.12262950371950865,0.12229175260290504,0.12217043153941631,0.12199388025328517,0.12159346137195826,0.12147152237594128,0.12118640821427107,0.12091841734945774,0.12082169437780976,0.12068236758932471,0.12030307156965137,0.12021785881370306,0.12011341657489538,0.1199580542743206,0.11970656644552946,0.11947042448446155,0.11903330869972706,0.11888327915221453,0.11866833362728357,0.11843162961304188,0.11829060036689043,0.11816034791991115,0.11783544160425663,0.11761173466220498,0.11732856603339314,0.11722688330337405,0.1169955930672586,0.11690026242285967,0.11676048440858722,0.11647696141153574,0.11637074686586857,0.11621599039062858,0.11604121141135693,0.11560040665790439,0.11529004713520408,0.24704893305897713
8,0.376963596791029,0.3221466261893511,0.28691402822732925,0.246514773927629,0.2147576157003641,0.21249629743397236,0.21481767483055592,0.19984676875174046,0.18764696642756462,0.17996942531317472,0.1726048868149519,0.16520474757999182,0.1605212138965726,0.15735775604844093,0.15799995325505733,0.1615593945607543,0.16964485123753548,0.16526785492897034,0.16026111785322428,0.1565195396542549,0.15137547068297863,0.14254206325858831,0.1361026461236179,0.13292444869875908,0.13229152979329228,0.1300981673412025,0.12848380813375115,0.1276047732681036,0.12971992744132876,0.12971997074782848,0.12375441286712885,0.11777139455080032,0.11618986492976546,0.11636654008179903,0.11440156539902091,0.11233257316052914,0.1106629641726613,0.11376222409307957,0.11614541010931134,0.11396720632910728,0.1096194414421916,0.11089651333168149,0.10938130598515272,0.10636648535728455,0.10519319539889693,0.10536063276231289,0.10692733433097601,0.10616052895784378,0.10322623327374458,0.10258082021027803,0.10566855501383543,0.1072598840110004,0.10505701089277864,0.1035515614785254,0.1012960271909833,0.095759192481637,0.09444329189136624,0.09366686968132854,0.09421920916065574,0.09233180386945605,0.09326397115364671,0.09554995922371745,0.09829664835706353,0.10475564282387495,0.09948803018778563,0.09303717408329248,0.09023152571171522,0.08972998708486557,0.08950733067467809,0.08770815609022975,0.09101134072989225,0.09474883880466223,0.1013449770398438,0.09709989186376333,0.09034401783719659,0.08791955979540944,0.0868842895142734,0.08592074364423752,0.08564566262066364,0.08455146895721555,0.08570861490443349,0.08641621004790068,0.09115351550281048,0.09044093964621425,0.08982839528471231,0.08864244166761637,0.08774091443046927,0.0865151658654213,0.08238783897832036,0.08202597964555025,0.082632708363235,0.08621362876147032,0.08735336503013968,0.08800074551254511,0.08604802004992962,0.08483329368755221,0.08543072687461972,0.08134426176548004,0.08051936980336905,0.08073266036808491,0.08046148018911481,0.08128523174673319,0.08077318477444351,0.08173900609835982,0.08208164572715759,0.08225260861217976,0.08449822012335062,0.08094839262776077,0.07973747397772968,0.07848532893694937,0.0786423331592232,0.07889478257857263,0.07957822666503489,0.08356678998097777,0.08261499321088195,0.08259058697149158,0.08173308242112398,0.07784118130803108,0.07704202248714864,0.07799675944261253,0.07880803802981973,0.07985026109963655,0.07888433802872896,0.07796164555475116,0.07723875134252012,0.07710542902350426,0.07741344650276005,0.07829605205915868,0.07727737328968942,0.07981358980759978,0.07973977760411799,0.07928285421803594,0.07998693082481623,0.0754313173238188,0.07477925112470984,0.07442217646166682,0.07521026232279837,0.07663876307196915,0.0750867510214448,0.07779224868863821,0.07709675375372171,0.07649839902296662,0.07567376201041043,0.0734924718271941,0.0729654268361628,0.07397724082693458,0.07438118010759354,0.07540016435086727,0.0741702972445637,0.07324239308945835,0.07325743068940938,0.07244510459713638,0.07322709984146059,0.07212978112511337,0.07191797043196857,0.07491188053973019,0.07594453357160091,0.07600173889659345,0.07343560131266713,0.07303811819292605,0.07258764957077801,0.0716764407698065,0.07255039480514824,0.071749497205019,0.07164346938952804,0.07270875759422779,0.07257730467244983,0.07278208550997078,0.07133334805257618,0.06922649149782956,0.06898763962090015,0.07042479841038585,0.07651072856970131,0.07526444015093148,0.06918436265550554,0.06716676289215684,0.06638667383231223,0.06634559761732817,0.06640033144503832,0.06670960364863276,0.0669377576559782,0.06835200334899127,0.06893420731648803,0.06837945827282965,0.0688947110902518,0.06721261236816645,0.06655165483243763,0.06789560383185744,0.06862461334094405,0.06920327432453632,0.06623456347733736,0.06555587705224752,0.06456664716824889,0.06483069900423288,0.06529793981462717,0.06485805311240256,0.06507923570461571,0.06473506125621498,0.06433096923865378,0.0658239668700844,0.23506337776780128
9,0.4878933895379305,0.39278804510831833,0.29273347184062004,0.23676057159900665,0.2248604204505682,0.21528302785009146,0.19583892170339823,0.18747722450643778,0.18344454001635313,0.180919099599123,0.17411368805915117,0.17036748118698597,0.16494145430624485,0.16341167222708464,0.16026881150901318,0.15803873352706432,0.15765061136335135,0.15493451990187168,0.15327217802405357,0.15122531820088625,0.14913264941424131,0.15028022043406963,0.14626770373433828,0.14308423083275557,0.14018663950264454,0.1382087399251759,0.13495045015588403,0.13311888184398413,0.1313273385167122,0.1309596416540444,0.13168890122324228,0.1323279431089759,0.12976335873827338,0.1316475053317845,0.13381741987541318,0.12413612194359303,0.11771736200898886,0.11513084266334772,0.11412267340347171,0.11776476446539164,0.11936951195821166,0.11778205260634422,0.11511298455297947,0.10909037012606859,0.10807461151853204,0.10752504272386432,0.1071640090085566,0.10883571300655603,0.1075290460139513,0.10660873865708709,0.10333589557558298,0.10249118832871318,0.10057341726496816,0.10038095572963357,0.10141077265143394,0.10508866375312209,0.10250852117314935,0.10014797654002905,0.09686233475804329,0.09803342958912253,0.09905113745480776,0.09897427726536989,0.09586461819708347,0.09442305285483599,0.09641588991507888,0.09836829686537385,0.09578388137742877,0.09350676834583282,0.0917802071198821,0.09246771549805999,0.09626236790791154,0.09588981606066227,0.09370821854099631,0.09233409725129604,0.09085963061079383,0.09133841469883919,0.09251577965915203,0.09251911100000143,0.09126381669193506,0.08864923380315304,0.085359709803015,0.08671522280201316,0.08764132531359792,0.08878946164622903,0.08782300120219588,0.08420437714084983,0.08456852892413735,0.08599450485780835,0.08797068474814296,0.08876894833520055,0.0852244095876813,0.08311596605926752,0.08348714420571923,0.08473932277411222,0.08658401109278202,0.08665591850876808,0.08298669056966901,0.0823489879257977,0.08213058696128428,0.08373750420287251,0.08618415426462889,0.08281469903886318,0.08117934060283005,0.0791788783390075,0.07917693653143942,0.08003114582970738,0.08056541346013546,0.08077902439981699,0.07950977445580065,0.07947454298846424,0.0793635321315378,0.08237830875441432,0.08395735477097332,0.07977606682106853,0.07860088348388672,0.07863825093954802,0.0798979124519974,0.0848560647573322,0.0831500981003046,0.0798957385122776,0.07697018561884761,0.07568264752626419,0.07627704087644815,0.07767980638891459,0.07801587134599686,0.07674937904812396,0.0755272526293993,0.07533008977770805,0.07571471459232271,0.07679044711403549,0.07710597850382328,0.07536575966514647,0.07411847077310085,0.07516490202397108,0.07785476255230606,0.08388405060395598,0.08307531964965165,0.07553902198560536,0.07413854752667248,0.07262915559113026,0.07397573092021048,0.07570115965791047,0.07558036269620061,0.07596676261164248,0.07555197551846504,0.07445634575560689,0.07375084119848907,0.07480553234927356,0.076640993822366,0.0776192678604275,0.0756840230897069,0.07331365207210183,0.07137304777279496,0.07031197869218886,0.07192578027024865,0.07372539537027478,0.07505045225843787,0.07547116139903665,0.07316059852018952,0.07072245376184583,0.07167844218201935,0.07348607527092099,0.07539839087985456,0.07605747575871646,0.07215842511504889,0.06915156333707273,0.06938443914987147,0.07003492093645036,0.07168730208650231,0.074079520534724,0.07247545383870602,0.07024670904502273,0.06935315602459013,0.0698379403911531,0.07227822812274098,0.07507058256305754,0.07166305580176413,0.07034400082193315,0.06901928805746138,0.06826924160122871,0.06943083344958723,0.06960782618261874,0.06990236253477633,0.07013027556240559,0.0700063775293529,0.06937114032916725,0.06888459646143019,0.07117419387213886,0.07208635890856385,0.07090683840215206,0.06935809832066298,0.06817862926982343,0.0687808736693114,0.06910274270921946,0.07058058399707079,0.07139325118623674,0.06897815852425992,0.06763222510926425,0.067590759601444,0.0665433625690639,0.24072773288935423
10,0.3777012452483177,0.3250007163733244,0.29771300218999386,0.26801194716244936,0.23260922357439995,0.2007465623319149,0.17959569953382015,0.16737765073776245,0.16172165982425213,0.1565770637243986,0.14952624589204788,0.14137745974585414,0.1357274642214179,0.13554862467572093,0.13451478583738208,0.13503067195415497,0.1230313484556973,0.11459793476387858,0.11108845705166459,0.11058107111603022,0.1066638589836657,0.10547457542270422,0.10596182104200125,0.10661965981125832,0.10707980114966631,0.10729879653081298,0.10358368139714003,0.10144047299399972,0.10137444036081433,0.1001559286378324,0.09715508203953505,0.09546059044077992,0.09360343730077147,0.09381007170304656,0.09186707157641649,0.09320764895528555,0.09104730049148202,0.08998877555131912,0.08741236757487059,0.08677233615890145,0.0866934023797512,0.0865360083989799,0.08564288914203644,0.08607770781964064,0.08363641845062375,0.08194047817960382,0.08342007733881474,0.0835688067600131,0.0844622328877449,0.08355599688366055,0.08272490929812193,0.084563831333071,0.0851404289714992,0.08588185999542475,0.0830200300551951,0.08062281529419124,0.08029896579682827,0.08069018949754536,0.08000586950220168,0.0796047686599195,0.07708078902214766,0.07642412814311683,0.07678359770216048,0.07642418681643903,0.07661746279336512,0.07581687835045159,0.07528006774373353,0.07615711772814393,0.07545271329581738,0.07559248129837215,0.07502881926484406,0.07551629305817187,0.07532716286368668,0.0754928719252348,0.07534518558532,0.07414560462348163,0.0747914866078645,0.07587440079078078,0.07718578330241144,0.07649349165149033,0.07545814337208867,0.07298342324793339,0.0738338683731854,0.07277198228985071,0.07344230730086565,0.0737033027689904,0.07215801416896284,0.07222424424253404,0.0708036560099572,0.07143242564052343,0.07320899749174714,0.07312253070995212,0.07302628317847848,0.07168213976547122,0.07226669904775918,0.07316442439332604,0.07325631589628756,0.07347774016670883,0.07296019233763218,0.07030342170037329,0.06858461815863848,0.07016090583056211,0.07091047312133014,0.07268480723723769,0.07285082689486444,0.06949970778077841,0.06995582720264792,0.07037145458161831,0.07020308403298259,0.06973748723976314,0.0686978327576071,0.06835230300202966,0.06860883836634457,0.06942743994295597,0.06877110269851983,0.06794465822167695,0.06787470006383955,0.0704490749631077,0.07227789028547704,0.06993807177059352,0.06929649575613439,0.06810433464124799,0.07049069344066083,0.07461616839282215,0.07066681468859315,0.06885398225858808,0.06667732889764011,0.06621404038742185,0.0678750982042402,0.06847057188861072,0.06844696751795709,0.06787187024019659,0.06689226999878883,0.0672478040214628,0.06923520867712796,0.06973618571646512,0.06787824886851013,0.0673858339432627,0.06615784321911633,0.06735870591364801,0.06928699603304267,0.06858687032945454,0.06679454096592963,0.06624185643158853,0.06687351153232157,0.0682475883513689,0.06896711187437177,0.06717824866063893,0.06567518063820899,0.06521828472614288,0.06555171171203256,0.06810103869065642,0.06801907508634031,0.06571946875192225,0.06513239769265056,0.06498046033084393,0.06615624972619116,0.06790030561387539,0.06724547664634883,0.06508100521750748,0.06483669276349247,0.064912119647488,0.06714122369885445,0.06729482440277934,0.0658325138501823,0.06392739340662956,0.06452759844250977,0.06600158917717636,0.0677349844481796,0.06892715464346111,0.06547242705710232,0.06384008307941258,0.06442359718494117,0.06496163411065936,0.06594723253510892,0.06641223398037255,0.06409271783195436,0.06414044741541147,0.06532561453059316,0.06651338725350797,0.06613175943493843,0.06575714028440416,0.06314461282454431,0.063657496124506,0.06453921785578132,0.06475185719318688,0.06525728106498718,0.06532446853816509,0.06383071141317487,0.0638639903627336,0.06489130202680826,0.06535107432864606,0.06456701154820621,0.06358798430301249,0.06384725891984999,0.06452852138318121,0.06564180110581219,0.0647803118918091,0.0638446994125843,0.06313871243037283,0.24162073247134686
11,0.3820540476590395,0.33065310679376125,0.3053860738873482,0.2792412582784891,0.24912157841026783,0.21915564592927694,0.19467750284820795,0.17738724127411842,0.16564638633280993,0.15858374815434217,0.15418598055839539,0.14842053037136793,0.14166069449856877,0.13451735489070415,0.13123702444136143,0.13009099988266826,0.1311831371858716,0.1287751360796392,0.1188126034103334,0.11267284024506807,0.11022619437426329,0.10768050933256745,0.10600611846894026,0.10542246140539646,0.10902075236663222,0.10357784293591976,0.09841131838038564,0.09671576926484704,0.09733048500493169,0.09662166703492403,0.09515354176983237,0.09558727033436298,0.09509680373594165,0.09393253084272146,0.09211951028555632,0.08837628038600087,0.08703410997986794,0.0872557726688683,0.08731542574241757,0.0872035427019,0.0850127968005836,0.08464090619236231,0.08538214676082134,0.08634743327274919,0.08788950322195888,0.08522983873263001,0.08156667649745941,0.08044698252342641,0.08043677872046828,0.08086290396749973,0.08098488347604871,0.07981905993074179,0.07897294871509075,0.0782247195020318,0.07937910803593695,0.07947060698643327,0.07822750229388475,0.07794968876987696,0.07699237437918782,0.07834449387155473,0.07802575873211026,0.077183818211779,0.07671188772656024,0.07582590612582862,0.07535576145164669,0.07416655123233795,0.07452225591987371,0.07409305754117668,0.07391327410005033,0.07326888223178685,0.07292775600217283,0.07239454565569758,0.07249575154855847,0.07224108814261854,0.07221928401850164,0.07255283766426146,0.0733941609505564,0.073653006227687,0.07170733553357422,0.0719968150369823,0.0720869000069797,0.07330713863484561,0.07387542258948088,0.07221354870125651,0.07131555234082043,0.07300429977476597,0.07402651850134134,0.07266020402312279,0.0731072227936238,0.07075415924191475,0.0703568565659225,0.070391675690189,0.06981780100613832,0.06948317354544997,0.06961287511512637,0.07098818710073829,0.06992762093432248,0.06972576561383903,0.06812751479446888,0.06755319284275174,0.0678267846815288,0.06706896587274969,0.0676761690992862,0.06830001948401332,0.06727956794202328,0.06737257423810661,0.06798328901641071,0.06843055109493434,0.06939513143151999,0.06974582211114466,0.06808125879615545,0.06687695439904928,0.06725399196147919,0.06791433342732489,0.06821409682743251,0.06816244777292013,0.06689492939040065,0.06653017387725413,0.06688955053687096,0.06755526340566576,0.06792861060239375,0.06645129015669227,0.06596369086764753,0.06679495889693499,0.06665552430786192,0.06754161813296378,0.06733237928710878,0.06580774276517332,0.0659795948304236,0.06660667364485562,0.06729427049867809,0.06793153937906027,0.0664487334433943,0.06539986794814467,0.0646765420679003,0.06452016346156597,0.06498808087781072,0.06528127798810601,0.06447159708477557,0.0646851237397641,0.06472255941480398,0.06480971584096551,0.06627428182400763,0.06641094130463898,0.0661746864207089,0.0649851260241121,0.06497133732773364,0.06586110056377947,0.0674291430041194,0.06654601031914353,0.06586980703286827,0.06418605614453554,0.06361776683479548,0.0647533549927175,0.06544527527876198,0.06521817878820002,0.06440377444960177,0.0633679493330419,0.06324490928091109,0.06408679997548461,0.06511431816034019,0.0645852298475802,0.06355948140844703,0.06387849990278482,0.06367259449325502,0.06442927964963019,0.06426197034306824,0.06358504085801542,0.06337998644448817,0.06489257933571935,0.06487758061848581,0.06529602059163153,0.06375883682630956,0.06276917806826532,0.06500583444721997,0.06528443866409361,0.06385276303626597,0.06392511283047497,0.06304142088629305,0.06298324721865356,0.06539916433393955,0.06420496013015509,0.0628998982720077,0.06293015833944082,0.06250353390350938,0.06366824777796865,0.0644688862375915,0.06279661552980542,0.062057399889454246,0.062297891126945615,0.06268495670519769,0.06401661015115678,0.06398135260678828,0.0616818037815392,0.0613180473446846,0.06176194897852838,0.06242155795916915,0.0633879080414772,0.0630569658242166,0.06185379531234503,0.2418092591688037
